"Selection","View","Channel","Begin Time (s)","End Time (s)","Low Freq (Hz)","High Freq (Hz)","Delta Time (s)","Delta Freq (Hz)","Avg Power Density (dB FS/Hz)","Annotation"
1,"Spectrogram 1",1,2.898414175,4.005673523,2259.542,6229.008,1.1073,3969.466,-43.36,"song"
2,"Spectrogram 1",1,11.365691542,12.603216695,2320.611,6351.145,1.2375,4030.534,-43.88,"song"
3,"Spectrogram 1",1,24.359705654,25.43439855,2503.817,5801.527,1.0747,3297.71,-51.23,"song"
4,"Spectrogram 1",1,28.397945629,29.602904331,2320.611,6229.008,1.205,3908.397,-45.36,"song"
5,"Spectrogram 1",1,41.74961956,42.889445359,2259.542,6167.939,1.1398,3908.397,-44.8,"song"
