"Selection","View","Channel","Begin Time (s)","End Time (s)","Low Freq (Hz)","High Freq (Hz)","Delta Time (s)","Delta Freq (Hz)","Avg Power Density (dB FS/Hz)","Annotation"
1,"Spectrogram 1",1,7.946967609,9.35811139,916.031,7145.038,1.4111,6229.008,-40.42,"song"
2,"Spectrogram 1",1,53.236537548,54.870493505,458.015,7236.641,1.634,6778.626,-43.41,"song"
3,"Spectrogram 1",1,58.361217595,59.846632101,732.824,7511.45,1.4854,6778.626,-42.49,"song"
4,"Spectrogram 1",1,64.599958521,66.011102302,732.824,7419.847,1.4111,6687.023,-41.88,"song"
5,"Spectrogram 1",1,67.94214116,69.501826392,458.015,7236.641,1.5597,6778.626,-38.89,"song"
6,"Spectrogram 1",1,81.385142442,82.796286223,732.824,6961.832,1.4111,6229.008,-43.13,"song"
7,"Spectrogram 1",1,92.67429269,94.159707196,549.618,6595.42,1.4854,6045.802,-40.57,"song"
8,"Spectrogram 1",1,140.244820471,141.655964252,916.031,6412.214,1.4111,5496.183,-39.67,"song"
