"Selection","View","Channel","Begin Time (s)","End Time (s)","Low Freq (Hz)","High Freq (Hz)","Delta Time (s)","Delta Freq (Hz)","Avg Power Density (dB FS/Hz)","Annotation"
1,"Spectrogram 1",1,1.30470628,2.683967205,1705.097,6471.617,1.3793,4766.52,-39.15,"song"
2,"Spectrogram 1",1,10.996810078,12.33879368,1705.097,6122.847,1.342,4417.75,-35.94,"song"
3,"Spectrogram 1",1,37.277322297,38.917524478,1588.84,5386.555,1.6402,3797.715,-36.98,"song"
4,"Spectrogram 1",1,46.596652871,48.236855052,1705.097,5270.299,1.6402,3565.202,-37.39,"song"
