"Selection","View","Channel","Begin Time (s)","End Time (s)","Low Freq (Hz)","High Freq (Hz)","Delta Time (s)","Delta Freq (Hz)","Avg Power Density (dB FS/Hz)","Annotation"
1,"Spectrogram 1",1,2.489313256,3.748965747,1009.924,5217.939,1.2597,4208.015,-45.5,"song"
2,"Spectrogram 1",1,8.397683274,9.687327491,1178.244,5217.939,1.2896,4039.695,-42.2,"song"
3,"Spectrogram 1",1,15.715664412,17.065292081,1094.084,5217.939,1.3496,4123.855,-42.76,"song"
4,"Spectrogram 1",1,22.073910319,23.33356281,1009.924,5133.779,1.2597,4123.855,-43.13,"song"
5,"Spectrogram 1",1,29.241932828,30.471593593,1178.244,5386.26,1.2297,4208.015,-42.41,"song"
6,"Spectrogram 1",1,36.499930515,37.699599554,1094.084,5302.099,1.1997,4208.015,-44.41,"song"
