"Selection","View","Channel","Begin Time (s)","End Time (s)","Low Freq (Hz)","High Freq (Hz)","Delta Time (s)","Delta Freq (Hz)","Avg Power Density (dB FS/Hz)","Annotation"
1,"Spectrogram 1",1,0.992639786,1.888906777,1832.061,6412.214,0.8963,4580.153,-37.52,"song"
2,"Spectrogram 1",1,9.422248961,10.34742779,2015.267,6503.817,0.9252,4488.55,-36.27,"song"
3,"Spectrogram 1",1,18.766434051,19.614514645,1832.061,6412.214,0.8481,4580.153,-37.08,"song"
4,"Spectrogram 1",1,27.351875277,28.286691386,1923.664,6229.008,0.9348,4305.344,-37.45,"song"
5,"Spectrogram 1",1,39.31852329,40.22442756,1923.664,6503.817,0.9059,4580.153,-37.26,"song"
6,"Spectrogram 1",1,52.257924309,53.086730344,1832.061,6045.802,0.8288,4213.74,-38.89,"song"
